Sl.No,pH,Temperature,Taste,Odour,Fat,Turbidity,Colour,Grade
0,6.6,35,1,0,1,0,254,high
1,6.6,36,0,1,0,1,253,high
2,6.6,37,1,1,1,1,255,high
3,6.8,45,0,1,1,1,255,high
4,6.6,45,0,1,1,1,250,high
5,6.6,45,1,1,1,1,245,high
6,6.5,36,0,1,1,0,253,high
7,6.6,37,1,0,1,0,255,high
8,6.8,42,1,1,1,1,255,high
9,6.8,45,0,1,1,1,255,high
10,6.5,38,1,1,1,1,255,high
11,6.8,40,1,1,1,1,255,high
12,6.8,45,1,1,1,0,245,high
13,6.6,37,1,1,1,1,255,high
14,6.7,38,1,0,1,0,255,high
15,6.8,45,0,1,1,1,255,high
16,6.6,45,0,1,1,1,250,high
17,6.8,45,1,1,1,1,245,high
18,6.8,36,0,1,1,0,253,high
19,6.6,37,1,0,1,0,255,high
20,6.5,38,1,1,1,1,255,high
21,6.8,40,1,1,1,1,255,high
22,6.8,45,1,1,1,0,245,high
23,6.6,37,1,1,1,1,255,high
24,6.6,35,0,1,1,1,255,high
25,6.7,38,1,0,1,0,255,high
26,6.6,43,1,0,1,1,250,high
27,6.8,45,0,1,1,1,255,high
28,6.6,38,1,0,1,0,255,high
29,6.8,45,1,1,1,1,245,high
30,6.8,36,0,1,1,0,253,high
31,6.6,45,0,1,1,1,250,high
32,6.8,45,1,1,1,1,245,high
33,6.8,36,0,1,1,0,253,high
34,6.6,37,1,0,1,0,255,high
35,6.5,38,1,1,1,1,255,high
36,6.8,40,1,1,1,1,255,high
37,6.8,45,1,1,1,0,245,high
38,6.6,37,1,1,1,1,255,high
39,6.6,35,0,1,1,1,255,high
40,6.8,45,0,1,1,1,255,high
41,6.5,38,1,1,1,1,255,high
42,6.8,40,1,1,1,1,255,high
43,6.8,45,1,1,1,0,245,high
44,6.6,37,1,1,1,1,255,high
45,6.7,38,1,0,1,0,255,high
46,6.8,45,0,1,1,1,255,high
47,6.6,37,1,1,1,1,255,high
48,6.7,38,1,0,1,0,255,high
49,6.8,45,0,1,1,1,255,high
50,6.6,45,0,1,1,1,250,high
51,6.8,45,1,1,1,1,245,high
52,6.8,36,0,1,1,0,253,high
53,6.6,37,1,0,1,0,255,high
54,6.5,38,1,1,1,1,255,high
55,6.7,38,1,0,1,0,255,high
56,6.6,43,1,0,1,1,250,high
57,6.8,45,0,1,1,1,255,high
58,6.6,38,1,0,1,0,255,high
59,6.8,45,1,1,1,1,245,high
60,6.8,36,0,1,1,0,253,high
61,6.6,45,0,1,1,1,250,high
62,6.8,45,1,1,1,1,245,high
63,6.8,36,0,1,1,0,253,high
64,6.8,40,1,1,1,1,255,high
65,6.8,45,1,1,1,0,245,high
66,6.6,37,1,1,1,1,255,high
67,6.6,35,0,1,1,1,255,high
68,6.8,45,0,1,1,1,255,high
69,6.5,38,1,1,1,1,255,high
70,6.8,40,1,1,1,1,255,high
71,6.8,45,1,1,1,0,245,high
72,6.6,37,1,1,1,1,255,high
73,6.7,38,1,0,1,0,255,high
74,6.8,45,0,1,1,1,255,high
75,6.6,37,1,1,1,1,255,high
76,6.7,38,1,0,1,0,255,high
77,6.8,45,0,1,1,1,255,high
78,6.6,45,0,1,1,1,250,high
79,6.8,45,1,1,1,1,245,high
80,6.8,36,0,1,1,0,253,high
81,6.6,37,1,0,1,0,255,high
82,6.5,38,1,1,1,1,255,high
83,6.7,38,1,0,1,0,255,high
84,6.6,43,1,0,1,1,250,high
85,6.8,45,0,1,1,1,255,high
86,6.6,38,1,0,1,0,255,high
87,6.8,45,0,1,1,1,255,high
88,6.6,45,0,1,1,1,250,high
89,6.8,45,1,1,1,1,245,high
90,6.8,36,0,1,1,0,253,high
91,6.6,37,1,0,1,0,255,high
92,6.5,38,1,1,1,1,255,high
93,6.8,40,1,1,1,1,255,high
94,6.8,45,1,1,1,0,245,high
95,6.6,37,1,1,1,1,255,high
96,6.6,35,0,1,1,1,255,high
97,6.7,38,1,0,1,0,255,high
98,6.6,43,1,0,1,1,250,high
99,6.8,45,0,1,1,1,255,high
100,6.6,38,1,0,1,0,255,high
101,6.8,45,1,1,1,1,245,high
102,6.8,36,0,1,1,0,253,high
103,6.6,45,0,1,1,1,250,high
104,6.8,45,1,1,1,1,245,high
105,6.8,36,0,1,1,0,253,high
106,6.8,45,1,1,1,0,245,high
107,6.6,37,1,1,1,1,255,high
108,6.6,35,0,1,1,1,255,high
109,6.7,38,1,0,1,0,255,high
110,6.6,43,1,0,1,1,250,high
111,6.8,45,0,1,1,1,255,high
112,6.6,38,1,0,1,0,255,high
113,6.8,45,1,1,1,1,245,high
114,6.8,36,0,1,1,0,253,high
115,6.6,45,0,1,1,1,250,high
116,6.8,45,1,1,1,1,245,high
117,6.8,36,0,1,1,0,253,high
118,6.6,37,1,0,1,0,255,high
119,6.5,38,1,1,1,1,255,high
120,6.8,40,1,1,1,1,255,high
121,6.8,45,1,1,1,0,245,high
122,6.6,37,1,1,1,1,255,high
123,6.6,35,0,1,1,1,255,high
124,6.8,45,0,1,1,1,255,high
125,6.5,38,1,1,1,1,255,high
126,6.8,40,1,1,1,1,255,high
127,6.8,45,1,1,1,0,245,high
128,6.6,37,1,1,1,1,255,high
129,6.7,38,1,0,1,0,255,high
130,6.8,43,1,0,1,0,250,high
131,6.8,45,0,1,1,1,255,high
132,6.6,45,0,1,1,1,250,high
133,6.8,45,1,1,1,1,245,high
134,6.8,36,0,1,1,0,253,high
135,6.6,37,1,0,1,0,255,high
136,6.5,38,1,1,1,1,255,high
137,6.6,40,1,0,1,1,255,high
138,6.7,38,1,0,1,0,255,high
139,6.6,43,1,0,1,1,250,high
140,6.5,38,1,1,1,1,255,high
141,6.8,40,1,1,1,1,255,high
142,6.8,45,1,1,1,0,245,high
143,6.6,37,1,1,1,1,255,high
144,6.6,35,0,1,1,1,255,high
145,6.8,45,0,1,1,1,255,high
146,6.5,38,1,1,1,1,255,high
147,6.8,40,1,1,1,1,255,high
148,6.8,45,1,1,1,0,245,high
149,6.6,37,1,1,1,1,255,high
150,6.7,38,1,0,1,0,255,high
151,6.8,43,1,0,1,0,250,high
152,6.8,45,0,1,1,1,255,high
153,6.6,45,0,1,1,1,250,high
154,6.8,45,1,1,1,1,245,high
155,6.8,36,0,1,1,0,253,high
156,6.6,37,1,0,1,0,255,high
157,6.5,38,1,1,1,1,255,high
158,6.7,38,1,0,1,0,255,high
159,6.8,45,0,1,1,1,255,high
160,6.6,37,1,1,1,1,255,high
161,6.7,38,1,0,1,0,255,high
162,6.8,45,0,1,1,1,255,high
163,6.6,45,0,1,1,1,250,high
164,6.8,45,1,1,1,1,245,high
165,6.8,36,0,1,1,0,253,high
166,6.6,37,1,0,1,0,255,high
167,6.5,38,1,1,1,1,255,high
168,6.7,38,1,0,1,0,255,high
169,6.6,43,1,0,1,1,250,high
170,6.8,45,0,1,1,1,255,high
171,6.6,38,1,0,1,0,255,high
172,6.8,45,0,1,1,1,255,high
173,6.6,45,0,1,1,1,250,high
174,6.8,45,1,1,1,1,245,high
175,6.6,35,0,1,1,1,255,high
176,6.8,45,0,1,1,1,255,high
177,6.5,38,1,1,1,1,255,high
178,6.8,40,1,1,1,1,255,high
179,6.8,45,1,1,1,0,245,high
180,6.6,37,1,1,1,1,255,high
181,6.7,38,1,0,1,0,255,high
182,6.8,45,0,1,1,1,255,high
183,6.6,37,1,1,1,1,255,high
184,6.7,38,1,0,1,0,255,high
185,6.8,45,0,1,1,1,255,high
186,6.6,45,0,1,1,1,250,high
187,6.8,45,1,1,1,1,245,high
188,6.8,36,0,1,1,0,253,high
189,6.6,37,1,0,1,0,255,high
190,6.5,38,1,1,1,1,255,high
191,6.7,38,1,0,1,0,255,high
192,6.6,43,1,0,1,1,250,high
193,6.8,45,0,1,1,1,255,high
194,6.6,38,1,0,1,0,255,high
195,6.6,45,0,1,1,1,250,high
196,6.8,45,0,1,1,1,255,high
197,6.6,45,0,1,1,1,250,high
198,6.8,45,1,1,1,1,245,high
199,6.8,36,0,1,1,0,253,high
200,6.6,37,1,0,1,0,255,high
201,6.5,38,1,1,1,1,255,high
202,6.8,40,1,1,1,1,255,high
203,6.8,45,1,1,1,0,245,high
204,6.8,40,1,1,1,1,255,high
205,6.8,45,1,1,1,0,245,high
206,6.6,37,1,1,1,1,255,high
207,6.7,38,1,0,1,0,255,high
208,6.8,43,1,0,1,0,250,high
209,6.8,45,0,1,1,1,255,high
210,6.6,40,1,1,1,1,255,high
211,6.6,45,0,1,1,1,250,high
212,6.8,45,1,1,1,1,245,high
213,6.6,37,1,0,1,0,255,high
214,6.5,38,1,1,1,1,255,high
215,6.7,38,1,0,1,0,255,high
216,6.8,45,0,1,1,1,255,high
217,6.6,37,1,1,1,1,255,high
218,6.8,45,0,1,1,1,255,high
219,6.5,38,1,1,1,1,255,high
220,6.8,40,1,1,1,1,255,high
221,6.6,38,0,1,1,1,255,high
222,6.8,45,1,1,1,0,245,high
223,6.6,37,1,1,1,1,255,high
224,6.6,45,0,1,1,1,250,high
225,6.8,45,1,1,1,1,245,high
226,6.8,36,0,1,1,0,253,high
227,6.6,37,1,0,1,0,255,high
228,6.8,41,1,1,1,0,255,high
229,6.5,38,1,1,1,1,255,high
230,6.7,38,1,0,1,0,255,high
231,6.6,43,1,0,1,1,250,high
232,6.7,38,1,0,1,0,255,high
233,6.8,43,1,0,1,0,250,high
234,6.8,45,0,1,1,1,255,high
235,6.6,45,0,1,1,1,250,high
236,6.8,45,1,1,1,1,245,high
237,6.8,36,0,1,1,0,253,high
238,6.6,37,1,0,1,0,255,high
239,6.5,38,1,1,1,1,255,high
240,6.7,38,1,0,1,0,255,high
241,6.8,45,0,1,1,1,255,high
242,6.6,45,0,1,1,1,250,high
243,6.8,45,0,1,1,1,255,high
244,6.6,45,0,1,1,1,250,high
245,6.8,45,1,1,1,1,245,high
246,6.8,36,0,1,1,0,253,high
247,6.6,37,1,0,1,0,255,high
248,6.5,38,1,1,1,1,255,high
249,6.8,40,1,1,1,1,255,high
250,6.8,45,1,1,1,0,245,high
251,6.8,40,1,1,1,1,255,high
252,6.8,45,1,1,1,0,245,high
253,6.6,37,1,1,1,1,255,high
254,6.7,38,1,0,1,0,255,high
255,6.8,43,1,0,1,0,250,high
256,8.5,70,1,1,1,1,246,low
257,9.5,34,1,1,0,1,255,low
258,5.5,45,1,0,1,1,250,low
259,4.5,60,0,1,1,1,250,low
260,8.1,66,1,0,1,1,255,low
261,5.6,50,0,1,1,1,255,low
262,8.6,55,0,1,1,1,255,low
263,7.4,90,1,0,1,1,255,low
264,4.7,38,1,0,1,0,255,low
265,3,40,1,1,1,1,255,low
266,9,43,1,0,1,1,250,low
267,4.5,38,0,1,1,1,255,low
268,8.5,70,0,0,0,0,246,low
269,6.5,40,0,1,0,1,250,low
270,6.7,50,1,1,1,0,245,low
271,8.6,55,0,1,0,0,255,low
272,7.4,65,0,0,0,0,255,low
273,3,40,1,0,0,0,255,low
274,9,43,1,1,1,1,248,low
275,9.5,34,1,1,0,1,255,low
276,5.5,45,1,0,1,1,250,low
277,4.5,60,0,1,1,1,250,low
278,8.1,66,1,0,1,1,255,low
279,5.6,50,0,1,1,1,255,low
280,8.6,55,0,1,1,1,255,low
281,7.4,90,1,0,1,1,255,low
282,3,40,1,1,1,1,255,low
283,9,43,1,0,1,1,250,low
284,8.6,55,0,1,1,1,255,low
285,4.7,38,1,0,1,0,255,low
286,3,40,1,1,1,1,255,low
287,9,43,1,0,1,1,250,low
288,4.5,38,0,1,1,1,255,low
289,8.5,70,0,0,0,0,246,low
290,7.4,65,0,0,0,0,255,low
291,3,40,1,0,0,0,255,low
292,9,43,1,1,1,1,248,low
293,6.6,50,0,0,0,1,250,low
294,6.6,50,0,0,0,0,255,low
295,9.5,34,1,1,0,1,255,low
296,9.5,34,1,1,0,1,255,low
297,5.5,45,1,0,1,1,250,low
298,4.5,60,0,1,1,1,250,low
299,8.1,66,1,0,1,1,255,low
300,5.6,50,0,1,1,1,255,low
301,7.4,90,1,0,1,1,255,low
302,6.8,50,0,0,1,0,255,low
303,3,40,1,1,1,1,255,low
304,8.6,55,0,1,1,1,255,low
305,3,40,1,1,1,1,255,low
306,9,43,1,0,1,1,250,low
307,6.5,55,1,0,1,0,246,low
308,8.5,70,0,0,0,0,246,low
309,4.5,38,0,1,1,1,255,low
310,8.5,70,0,0,0,0,246,low
311,7.4,65,0,0,0,0,255,low
312,3,40,1,0,0,0,255,low
313,9,43,1,1,1,1,248,low
314,6.6,50,0,0,0,1,250,low
315,6.6,50,0,0,0,0,255,low
316,9.5,34,1,1,0,1,255,low
317,9.5,34,1,1,0,1,255,low
318,5.5,45,1,0,1,1,250,low
319,4.5,60,0,1,1,1,250,low
320,8.1,66,1,0,1,1,255,low
321,5.6,50,0,1,1,1,255,low
322,7.4,90,1,0,1,1,255,low
323,6.8,50,0,0,1,0,255,low
324,6.7,50,1,1,1,0,245,low
325,8.6,55,0,1,0,0,255,low
326,7.4,65,0,0,0,0,255,low
327,3,40,1,0,0,0,255,low
328,9,43,1,1,1,1,248,low
329,9.5,34,1,1,0,1,255,low
330,5.5,45,1,0,1,1,250,low
331,4.5,60,0,1,1,1,250,low
332,8.1,66,1,0,1,1,255,low
333,5.6,50,0,1,1,1,255,low
334,8.6,55,0,1,1,1,255,low
335,7.4,90,1,0,1,1,255,low
336,3,40,1,1,1,1,255,low
337,9,43,1,0,1,1,250,low
338,8.6,55,0,1,1,1,255,low
339,4.7,38,1,0,1,0,255,low
340,3,40,1,1,1,1,255,low
341,9,43,1,0,1,1,250,low
342,5.5,45,1,0,1,1,250,low
343,4.5,60,0,1,1,1,250,low
344,8.1,66,1,0,1,1,255,low
345,5.6,50,0,1,1,1,255,low
346,8.6,55,0,1,1,1,255,low
347,7.4,90,1,0,1,1,255,low
348,3,40,1,1,1,1,255,low
349,9,43,1,0,1,1,250,low
350,8.6,55,0,1,1,1,255,low
351,4.7,38,1,0,1,0,255,low
352,3,40,1,1,1,1,255,low
353,9,43,1,0,1,1,250,low
354,4.5,38,0,1,1,1,255,low
355,8.5,70,0,0,0,0,246,low
356,7.4,65,0,0,0,0,255,low
357,3,40,1,0,0,0,255,low
358,9,43,1,1,1,1,248,low
359,3,40,1,1,1,1,255,low
360,8.6,55,0,1,1,1,255,low
361,3,40,1,1,1,1,255,low
362,9,43,1,0,1,1,250,low
363,6.5,55,1,0,1,0,246,low
364,8.5,70,0,0,0,0,246,low
365,4.5,38,0,1,1,1,255,low
366,8.5,70,0,0,0,0,246,low
367,9,43,1,1,1,1,248,low
368,6.6,50,0,0,0,1,250,low
369,6.6,50,0,0,0,0,255,low
370,9.5,34,1,1,0,1,255,low
371,9.5,34,1,1,0,1,255,low
372,5.5,45,1,0,1,1,250,low
373,4.5,60,0,1,1,1,250,low
374,8.1,66,1,0,1,1,255,low
375,5.6,50,0,1,1,1,255,low
376,7.4,90,1,0,1,1,255,low
377,6.8,50,0,0,1,0,255,low
378,6.7,50,1,1,1,0,245,low
379,8.6,55,0,1,0,0,255,low
380,7.4,65,0,0,0,0,255,low
381,3,40,1,0,0,0,255,low
382,9,43,1,1,1,1,248,low
383,9.5,34,1,1,0,1,255,low
384,5.5,45,1,0,1,1,250,low
385,4.5,60,0,1,1,1,250,low
386,8.1,66,1,0,1,1,255,low
387,5.6,50,0,1,1,1,255,low
388,8.6,55,0,1,1,1,255,low
389,7.4,90,1,0,1,1,255,low
390,3,40,1,1,1,1,255,low
391,9,43,1,0,1,1,250,low
392,8.6,55,0,1,1,1,255,low
393,4.7,38,1,0,1,0,255,low
394,3,40,1,1,1,1,255,low
395,9,43,1,0,1,1,250,low
396,5.5,45,1,0,1,1,250,low
397,4.5,60,0,1,1,1,250,low
398,8.1,66,1,0,1,1,255,low
399,5.6,50,0,1,1,1,255,low
400,8.6,55,0,1,1,1,255,low
401,7.4,90,1,0,1,1,255,low
402,3,40,1,1,1,1,255,low
403,9,43,1,0,1,1,250,low
404,8.6,55,0,1,1,1,255,low
405,4.7,38,1,0,1,0,255,low
406,3,40,1,1,1,1,255,low
407,9,43,1,0,1,1,250,low
408,4.5,38,0,1,1,1,255,low
409,8.5,70,0,0,0,0,246,low
410,7.4,65,0,0,0,0,255,low
411,3,40,1,0,0,0,255,low
412,9,43,1,1,1,1,248,low
413,3,40,1,1,1,1,255,low
414,8.6,55,0,1,1,1,255,low
415,3,40,1,1,1,1,255,low
416,9,43,1,0,1,1,250,low
417,4.7,38,1,0,1,0,255,low
418,3,40,1,1,1,1,255,low
419,9,43,1,0,1,1,250,low
420,4.5,38,0,1,1,1,255,low
421,8.5,70,0,0,0,0,246,low
422,7.4,65,0,0,0,0,255,low
423,3,40,1,0,0,0,255,low
424,9,43,1,1,1,1,248,low
425,6.6,50,0,0,0,1,250,low
426,6.6,50,0,0,0,0,255,low
427,9.5,34,1,1,0,1,255,low
428,9.5,34,1,1,0,1,255,low
429,5.5,45,1,0,1,1,250,low
430,4.5,60,0,1,1,1,250,low
431,8.1,66,1,0,1,1,255,low
432,5.6,50,0,1,1,1,255,low
433,7.4,90,1,0,1,1,255,low
434,6.8,50,0,0,1,0,255,low
435,3,40,1,1,1,1,255,low
436,8.6,55,0,1,1,1,255,low
437,3,40,1,1,1,1,255,low
438,9,43,1,0,1,1,250,low
439,6.5,55,1,0,1,0,246,low
440,8.5,70,0,0,0,0,246,low
441,4.5,38,0,1,1,1,255,low
442,8.5,70,0,0,0,0,246,low
443,6.6,50,0,0,0,0,255,low
444,9.5,34,1,1,0,1,255,low
445,9.5,34,1,1,0,1,255,low
446,5.5,45,1,0,1,1,250,low
447,4.5,60,0,1,1,1,250,low
448,8.1,66,1,0,1,1,255,low
449,5.6,50,0,1,1,1,255,low
450,7.4,90,1,0,1,1,255,low
451,6.8,50,0,0,1,0,255,low
452,3,40,1,1,1,1,255,low
453,8.6,55,0,1,1,1,255,low
454,3,40,1,1,1,1,255,low
455,9,43,1,0,1,1,250,low
456,6.5,55,1,0,1,0,246,low
457,8.5,70,0,0,0,0,246,low
458,4.5,38,0,1,1,1,255,low
459,8.5,70,0,0,0,0,246,low
460,7.4,65,0,0,0,0,255,low
461,3,40,1,0,0,0,255,low
462,9,43,1,1,1,1,248,low
463,6.6,50,0,0,0,1,250,low
464,6.6,50,0,0,0,0,255,low
465,9.5,34,1,1,0,1,255,low
466,9.5,34,1,1,0,1,255,low
467,5.5,45,1,0,1,1,250,low
468,4.5,60,0,1,1,1,250,low
469,8.1,66,1,0,1,1,255,low
470,5.6,50,0,1,1,1,255,low
471,7.4,90,1,0,1,1,255,low
472,6.8,50,0,0,1,0,255,low
473,6.7,50,1,1,1,0,245,low
474,7.4,65,0,0,0,0,255,low
475,3,40,1,0,0,0,255,low
476,9,43,1,1,1,1,248,low
477,6.6,50,0,0,0,1,250,low
478,9.5,34,1,1,0,1,255,low
479,5.5,45,1,0,1,1,250,low
480,8.1,66,1,0,1,1,255,low
481,3,40,1,1,1,1,255,low
482,8.6,55,0,1,1,1,255,low
483,6.8,55,0,0,0,1,255,low
484,4.7,38,1,0,1,0,255,low
485,3,40,1,1,1,1,255,low
486,9,43,1,0,1,1,250,low
487,4.5,38,0,1,1,1,255,low
488,6.5,50,1,0,1,0,246,low
489,8.5,70,0,0,0,0,246,low
490,7.4,65,0,0,0,0,255,low
491,9,43,1,1,1,1,248,low
492,3,40,1,1,1,1,255,low
493,3,40,1,0,0,0,255,low
494,9,43,1,1,1,1,248,low
495,6.6,50,0,0,0,1,250,low
496,6.6,50,0,0,0,0,255,low
497,9.5,34,1,1,0,1,255,low
498,9.5,34,1,1,0,1,255,low
499,5.5,45,1,0,1,1,250,low
500,4.5,60,0,1,1,1,250,low
501,8.1,66,1,0,1,1,255,low
502,5.6,50,0,1,1,1,255,low
503,7.4,90,1,0,1,1,255,low
504,6.8,50,0,0,1,0,255,low
505,6.7,50,1,1,1,0,245,low
506,7.4,65,0,0,0,0,255,low
507,3,40,1,0,0,0,255,low
508,9,43,1,1,1,1,248,low
509,6.6,50,0,0,0,1,250,low
510,9.5,34,1,1,0,1,255,low
511,5.5,45,1,0,1,1,250,low
512,8.1,66,1,0,1,1,255,low
513,3,40,1,1,1,1,255,low
514,8.6,55,0,1,1,1,255,low
515,6.8,55,0,0,0,1,255,low
516,4.7,38,1,0,1,0,255,low
517,3,40,1,1,1,1,255,low
518,9,43,1,0,1,1,250,low
519,4.5,38,0,1,1,1,255,low
520,6.5,50,1,0,1,0,246,low
521,8.5,70,0,0,0,0,246,low
522,7.4,65,0,0,0,0,255,low
523,3,40,1,1,1,1,255,low
524,9,43,1,0,1,1,250,low
525,8.6,55,0,1,1,1,255,low
526,4.7,38,1,0,1,0,255,low
527,3,40,1,1,1,1,255,low
528,9,43,1,0,1,1,250,low
529,5.5,45,1,0,1,1,250,low
530,4.5,60,0,1,1,1,250,low
531,8.1,66,1,0,1,1,255,low
532,5.6,50,0,1,1,1,255,low
533,8.6,55,0,1,1,1,255,low
534,7.4,90,1,0,1,1,255,low
535,3,40,1,1,1,1,255,low
536,9,43,1,0,1,1,250,low
537,8.6,55,0,1,1,1,255,low
538,4.7,38,1,0,1,0,255,low
539,3,40,1,1,1,1,255,low
540,9,43,1,0,1,1,250,low
541,4.5,38,0,1,1,1,255,low
542,8.5,70,0,0,0,0,246,low
543,7.4,65,0,0,0,0,255,low
544,3,40,1,0,0,0,255,low
545,9,43,1,1,1,1,248,low
546,3,40,1,1,1,1,255,low
547,8.6,55,0,1,1,1,255,low
548,3,40,1,1,1,1,255,low
549,9,43,1,0,1,1,250,low
550,4.7,38,1,0,1,0,255,low
551,3,40,1,1,1,1,255,low
552,9,43,1,0,1,1,250,low
553,4.5,38,0,1,1,1,255,low
554,5.5,45,1,0,1,1,250,low
555,4.5,60,0,1,1,1,250,low
556,8.1,66,1,0,1,1,255,low
557,5.6,50,0,1,1,1,255,low
558,7.4,90,1,0,1,1,255,low
559,6.8,50,0,0,1,0,255,low
560,6.7,50,1,1,1,0,245,low
561,8.6,55,0,1,0,0,255,low
562,7.4,65,0,0,0,0,255,low
563,3,40,1,0,0,0,255,low
564,9,43,1,1,1,1,248,low
565,9.5,34,1,1,0,1,255,low
566,5.5,45,1,0,1,1,250,low
567,4.5,60,0,1,1,1,250,low
568,8.1,66,1,0,1,1,255,low
569,5.6,50,0,1,1,1,255,low
570,8.6,55,0,1,1,1,255,low
571,7.4,90,1,0,1,1,255,low
572,3,40,1,1,1,1,255,low
573,9,43,1,0,1,1,250,low
574,8.6,55,0,1,1,1,255,low
575,4.7,38,1,0,1,0,255,low
576,3,40,1,1,1,1,255,low
577,9,43,1,0,1,1,250,low
578,5.5,45,1,0,1,1,250,low
579,4.5,60,0,1,1,1,250,low
580,8.1,66,1,0,1,1,255,low
581,5.6,50,0,1,1,1,255,low
582,8.6,55,0,1,1,1,255,low
583,7.4,90,1,0,1,1,255,low
584,3,40,1,1,1,1,255,low
585,9,43,1,0,1,1,250,low
586,8.6,55,0,1,1,1,255,low
587,4.7,38,1,0,1,0,255,low
588,3,40,1,1,1,1,255,low
589,9,43,1,0,1,1,250,low
590,4.5,38,0,1,1,1,255,low
591,8.5,70,0,0,0,0,246,low
592,7.4,65,0,0,0,0,255,low
593,3,40,1,0,0,0,255,low
594,9,43,1,1,1,1,248,low
595,8.6,55,0,1,1,1,255,low
596,3,40,1,1,1,1,255,low
597,9,43,1,0,1,1,250,low
598,4.7,38,1,0,1,0,255,low
599,3,40,1,1,1,1,255,low
600,9,43,1,0,1,1,250,low
601,4.5,38,0,1,1,1,255,low
602,8.5,70,0,0,0,0,246,low
603,6.5,37,0,1,1,1,245,low
604,7.4,65,0,0,0,0,255,low
605,3,40,1,0,0,0,255,low
606,9,43,1,1,1,1,248,low
607,6.6,50,0,0,0,1,250,low
608,6.6,50,0,0,0,0,255,low
609,9,43,1,1,1,1,248,low
610,6.6,50,0,0,0,1,250,low
611,9.5,34,1,1,0,1,255,low
612,5.5,45,1,0,1,1,250,low
613,8.1,66,1,0,1,1,255,low
614,3,40,1,1,1,1,255,low
615,8.6,55,0,1,1,1,255,low
616,6.8,55,0,0,0,1,255,low
617,4.7,38,1,0,1,0,255,low
618,9,43,1,0,1,1,250,low
619,4.5,38,0,1,1,1,255,low
620,6.5,50,1,0,1,0,246,low
621,7.4,65,0,0,0,0,255,low
622,3,40,1,1,1,1,255,low
623,8.6,55,0,1,1,1,255,low
624,4.7,38,1,0,1,0,255,low
625,3,40,1,1,1,1,255,low
626,9,43,1,0,1,1,250,low
627,5.5,45,1,0,1,1,250,low
628,8.1,66,1,0,1,1,255,low
629,5.6,50,0,1,1,1,255,low
630,8.6,55,0,1,1,1,255,low
631,6.7,50,1,1,1,0,245,low
632,8.6,55,0,1,0,0,255,low
633,7.4,65,0,0,0,0,255,low
634,3,40,1,0,0,0,255,low
635,9,43,1,1,1,1,248,low
636,9.5,34,1,1,0,1,255,low
637,5.5,45,1,0,1,1,250,low
638,4.5,60,0,1,1,1,250,low
639,8.1,66,1,0,1,1,255,low
640,5.6,50,0,1,1,1,255,low
641,8.6,55,0,1,1,1,255,low
642,9,43,1,0,1,1,250,low
643,4.5,38,0,1,1,1,255,low
644,8.5,70,0,0,0,0,246,low
645,7.4,65,0,0,0,0,255,low
646,3,40,1,0,0,0,255,low
647,9,43,1,1,1,1,248,low
648,3,40,1,1,1,1,255,low
649,8.6,55,0,1,1,1,255,low
650,8.1,66,1,0,1,1,255,low
651,3,40,1,1,1,1,255,low
652,8.6,55,0,1,1,1,255,low
653,6.8,55,0,0,0,1,255,low
654,4.7,38,1,0,1,0,255,low
655,3,40,1,1,1,1,255,low
656,9,43,1,0,1,1,250,low
657,4.5,38,0,1,1,1,255,low
658,8.5,70,0,0,0,0,246,low
659,7.4,65,0,0,0,0,255,low
660,3,40,1,1,1,1,255,low
661,8.6,55,0,1,1,1,255,low
662,4.7,38,1,0,1,0,255,low
663,3,40,1,1,1,1,255,low
664,9,43,1,0,1,1,250,low
665,3,40,1,1,1,1,255,low
666,9,43,1,0,1,1,250,low
667,4.7,38,1,0,1,0,255,low
668,3,40,1,1,1,1,255,low
669,9,43,1,0,1,1,250,low
670,4.5,38,0,1,1,1,255,low
671,8.5,70,0,0,0,0,246,low
672,6.5,37,0,1,1,1,245,low
673,7.4,65,0,0,0,0,255,low
674,3,40,1,0,0,0,255,low
675,9,43,1,1,1,1,248,low
676,6.6,50,0,0,0,1,250,low
677,6.6,50,0,0,0,0,255,low
678,9,43,1,1,1,1,248,low
679,6.6,50,0,0,0,1,250,low
680,9.5,34,1,1,0,1,255,low
681,5.5,45,1,0,1,1,250,low
682,8.1,66,1,0,1,1,255,low
683,3,40,1,1,1,1,255,low
684,8.6,55,0,1,1,1,255,low
685,6.6,37,0,0,0,0,255,medium
686,6.7,45,1,1,0,0,247,medium
687,6.7,45,1,1,1,0,245,medium
688,6.5,38,1,0,0,0,255,medium
689,6.8,40,1,0,1,0,245,medium
690,6.5,36,0,0,1,0,255,medium
691,6.8,35,1,0,1,0,246,medium
692,6.6,34,0,0,0,1,240,medium
693,6.5,37,0,0,0,0,245,medium
694,6.4,45,0,1,0,0,240,medium
695,6.7,41,1,0,0,0,247,medium
696,6.8,41,0,0,0,0,255,medium
697,6.8,38,0,0,0,0,255,medium
698,6.6,45,0,0,0,1,250,medium
699,6.5,36,0,0,0,0,247,medium
700,6.6,38,0,0,0,0,255,medium
701,6.5,37,0,0,0,0,255,medium
702,6.7,45,1,1,0,0,247,medium
703,6.7,45,1,1,1,0,245,medium
704,6.8,45,0,0,1,0,255,medium
705,6.5,38,1,0,1,0,255,medium
706,6.8,45,0,0,0,1,255,medium
707,6.5,38,1,0,0,0,255,medium
708,6.8,40,1,0,1,0,245,medium
709,6.5,36,0,0,1,0,255,medium
710,6.5,35,1,0,1,0,246,medium
711,6.8,34,0,0,0,1,240,medium
712,6.5,37,0,0,0,0,245,medium
713,6.8,45,0,1,0,0,240,medium
714,6.8,41,0,0,1,0,255,medium
715,6.6,38,0,0,0,0,255,medium
716,6.5,36,0,0,0,0,247,medium
717,6.5,37,0,0,0,0,255,medium
718,6.5,37,0,0,0,0,255,medium
719,6.7,45,1,1,0,0,247,medium
720,6.7,45,1,1,1,0,245,medium
721,6.5,38,1,0,1,0,255,medium
722,6.8,45,0,0,0,1,255,medium
723,6.5,38,1,0,0,0,255,medium
724,6.8,40,1,0,1,0,245,medium
725,6.6,45,0,0,0,1,250,medium
726,6.5,36,0,0,1,0,255,medium
727,6.6,38,0,0,1,0,255,medium
728,6.8,40,1,0,1,0,245,medium
729,6.5,36,0,0,1,0,255,medium
730,6.5,35,1,0,1,0,246,medium
731,6.8,34,0,0,0,1,240,medium
732,6.5,37,0,0,0,0,245,medium
733,6.8,45,0,1,0,0,240,medium
734,6.8,41,0,0,1,0,255,medium
735,6.6,38,0,0,0,0,255,medium
736,6.5,36,0,0,0,0,247,medium
737,6.5,37,0,0,0,0,255,medium
738,6.5,37,0,0,0,0,255,medium
739,6.7,45,1,1,0,0,247,medium
740,6.7,45,1,1,1,0,245,medium
741,6.5,38,1,0,1,0,255,medium
742,6.7,41,1,0,0,0,247,medium
743,6.8,41,0,0,0,0,255,medium
744,6.8,38,0,0,0,0,255,medium
745,6.6,45,0,0,0,1,250,medium
746,6.5,36,0,0,0,0,247,medium
747,6.6,38,0,0,0,0,255,medium
748,6.5,37,0,0,0,0,255,medium
749,6.7,45,1,1,0,0,247,medium
750,6.7,45,1,1,1,0,245,medium
751,6.8,45,0,0,1,0,255,medium
752,6.5,38,1,0,1,0,255,medium
753,6.8,45,0,0,0,1,255,medium
754,6.5,38,1,0,0,0,255,medium
755,6.8,40,1,0,1,0,245,medium
756,6.5,37,0,0,0,0,255,medium
757,6.7,45,1,1,0,0,247,medium
758,6.7,45,1,1,1,0,245,medium
759,6.8,45,0,0,1,0,255,medium
760,6.5,38,1,0,1,0,255,medium
761,6.8,45,0,0,0,1,255,medium
762,6.5,38,1,0,0,0,255,medium
763,6.8,40,1,0,1,0,245,medium
764,6.5,36,0,0,1,0,255,medium
765,6.5,35,1,0,1,0,246,medium
766,6.8,34,0,0,0,1,240,medium
767,6.5,37,0,0,0,0,245,medium
768,6.8,45,0,1,0,0,240,medium
769,6.8,41,0,0,1,0,255,medium
770,6.6,38,0,0,0,0,255,medium
771,6.5,38,1,0,1,0,255,medium
772,6.8,45,0,0,0,1,255,medium
773,6.5,38,1,0,0,0,255,medium
774,6.8,40,1,0,1,0,245,medium
775,6.6,45,0,0,0,1,250,medium
776,6.5,36,0,0,1,0,255,medium
777,6.6,38,0,0,1,0,255,medium
778,6.8,40,1,0,1,0,245,medium
779,6.5,36,0,0,1,0,255,medium
780,6.5,35,1,0,1,0,246,medium
781,6.8,34,0,0,0,1,240,medium
782,6.5,36,0,0,0,0,247,medium
783,6.5,37,0,0,0,0,255,medium
784,6.5,37,0,0,0,0,255,medium
785,6.7,45,1,1,0,0,247,medium
786,6.7,45,1,1,1,0,245,medium
787,6.5,38,1,0,1,0,255,medium
788,6.7,41,1,0,0,0,247,medium
789,6.8,41,0,0,0,0,255,medium
790,6.8,38,0,0,0,0,255,medium
791,6.6,45,0,0,0,1,250,medium
792,6.5,36,0,0,0,0,247,medium
793,6.6,38,0,0,0,0,255,medium
794,6.5,37,0,0,0,0,255,medium
795,6.7,45,1,1,0,0,247,medium
796,6.7,45,1,1,1,0,245,medium
797,6.8,45,0,0,1,0,255,medium
798,6.5,38,1,0,1,0,255,medium
799,6.8,45,0,0,0,1,255,medium
800,6.5,38,1,0,0,0,255,medium
801,6.8,40,1,0,1,0,245,medium
802,6.5,37,0,0,0,0,255,medium
803,6.7,45,1,1,0,0,247,medium
804,6.7,45,1,1,1,0,245,medium
805,6.8,45,0,0,1,0,255,medium
806,6.5,38,1,0,1,0,255,medium
807,6.8,45,0,0,0,1,255,medium
808,6.5,38,1,0,0,0,255,medium
809,6.8,40,1,0,1,0,245,medium
810,6.5,36,0,0,1,0,255,medium
811,6.5,35,1,0,1,0,246,medium
812,6.8,34,0,0,0,1,240,medium
813,6.5,37,0,0,0,0,245,medium
814,6.8,45,0,1,0,0,240,medium
815,6.8,41,0,0,1,0,255,medium
816,6.6,38,0,0,0,0,255,medium
817,6.5,38,1,0,1,0,255,medium
818,6.8,45,0,0,0,1,255,medium
819,6.5,38,1,0,0,0,255,medium
820,6.8,40,1,0,1,0,245,medium
821,6.6,45,0,0,0,1,250,medium
822,6.5,36,0,0,1,0,255,medium
823,6.5,38,1,0,0,0,255,medium
824,6.8,40,1,0,1,0,245,medium
825,6.5,36,0,0,1,0,255,medium
826,6.5,35,1,0,1,0,246,medium
827,6.8,34,0,0,0,1,240,medium
828,6.5,37,0,0,0,0,245,medium
829,6.8,45,0,1,0,0,240,medium
830,6.8,41,0,0,1,0,255,medium
831,6.6,38,0,0,0,0,255,medium
832,6.5,36,0,0,0,0,247,medium
833,6.5,37,0,0,0,0,255,medium
834,6.5,37,0,0,0,0,255,medium
835,6.7,45,1,1,0,0,247,medium
836,6.7,45,1,1,1,0,245,medium
837,6.5,38,1,0,1,0,255,medium
838,6.8,45,0,0,0,1,255,medium
839,6.5,38,1,0,0,0,255,medium
840,6.8,40,1,0,1,0,245,medium
841,6.6,45,0,0,0,1,250,medium
842,6.5,36,0,0,1,0,255,medium
843,6.6,38,0,0,1,0,255,medium
844,6.8,40,1,0,1,0,245,medium
845,6.5,36,0,0,1,0,255,medium
846,6.5,35,1,0,1,0,246,medium
847,6.5,37,0,0,0,0,255,medium
848,6.5,37,0,0,0,0,255,medium
849,6.7,45,1,1,0,0,247,medium
850,6.7,45,1,1,1,0,245,medium
851,6.5,38,1,0,1,0,255,medium
852,6.8,45,0,0,0,1,255,medium
853,6.5,38,1,0,0,0,255,medium
854,6.8,40,1,0,1,0,245,medium
855,6.6,45,0,0,0,1,250,medium
856,6.5,36,0,0,1,0,255,medium
857,6.6,38,0,0,1,0,255,medium
858,6.8,40,1,0,1,0,245,medium
859,6.5,36,0,0,1,0,255,medium
860,6.5,35,1,0,1,0,246,medium
861,6.8,34,0,0,0,1,240,medium
862,6.5,37,0,0,0,0,245,medium
863,6.8,45,0,1,0,0,240,medium
864,6.8,41,0,0,1,0,255,medium
865,6.6,38,0,0,0,0,255,medium
866,6.5,36,0,0,0,0,247,medium
867,6.5,37,0,0,0,0,255,medium
868,6.5,37,0,0,0,0,255,medium
869,6.7,45,1,1,0,0,247,medium
870,6.7,45,1,1,1,0,245,medium
871,6.5,38,1,0,1,0,255,medium
872,6.7,41,1,0,0,0,247,medium
873,6.6,45,0,1,0,0,255,medium
874,6.8,41,0,0,0,0,255,medium
875,6.8,38,0,0,0,0,255,medium
876,6.5,36,0,0,0,0,247,medium
877,6.6,38,0,0,0,0,255,medium
878,6.5,37,0,0,0,0,255,medium
879,6.5,40,1,0,0,0,250,medium
880,6.7,45,1,1,0,0,247,medium
881,6.5,38,1,0,0,0,255,medium
882,6.8,40,1,0,1,0,245,medium
883,6.5,36,0,0,1,0,255,medium
884,6.8,34,0,0,0,1,240,medium
885,6.5,37,0,0,0,0,245,medium
886,6.8,45,0,1,0,0,240,medium
887,6.8,41,0,0,1,0,255,medium
888,6.6,38,0,0,0,0,255,medium
889,6.5,38,1,0,1,0,255,medium
890,6.8,41,0,0,1,0,255,medium
891,6.6,38,0,0,0,0,255,medium
892,6.5,36,0,0,0,0,247,medium
893,6.5,37,0,0,0,0,255,medium
894,6.5,37,0,0,0,0,255,medium
895,6.7,45,1,1,0,0,247,medium
896,6.7,45,1,1,1,0,245,medium
897,6.5,38,1,0,1,0,255,medium
898,6.7,41,1,0,0,0,247,medium
899,6.6,45,0,1,0,0,255,medium
900,6.8,41,0,0,0,0,255,medium
901,6.8,38,0,0,0,0,255,medium
902,6.5,36,0,0,0,0,247,medium
903,6.6,38,0,0,0,0,255,medium
904,6.5,37,0,0,0,0,255,medium
905,6.5,40,1,0,0,0,250,medium
906,6.7,45,1,1,0,0,247,medium
907,6.5,38,1,0,0,0,255,medium
908,6.8,40,1,0,1,0,245,medium
909,6.5,36,0,0,1,0,255,medium
910,6.8,34,0,0,0,1,240,medium
911,6.5,37,0,0,0,0,245,medium
912,6.8,45,0,1,0,0,240,medium
913,6.8,41,0,0,1,0,255,medium
914,6.6,38,0,0,0,0,255,medium
915,6.8,45,0,0,0,1,255,medium
916,6.5,38,1,0,0,0,255,medium
917,6.8,40,1,0,1,0,245,medium
918,6.5,37,0,0,0,0,255,medium
919,6.7,45,1,1,0,0,247,medium
920,6.7,45,1,1,1,0,245,medium
921,6.8,45,0,0,1,0,255,medium
922,6.5,38,1,0,1,0,255,medium
923,6.8,45,0,0,0,1,255,medium
924,6.5,38,1,0,0,0,255,medium
925,6.8,40,1,0,1,0,245,medium
926,6.5,36,0,0,1,0,255,medium
927,6.5,35,1,0,1,0,246,medium
928,6.8,34,0,0,0,1,240,medium
929,6.5,37,0,0,0,0,245,medium
930,6.8,45,0,1,0,0,240,medium
931,6.8,41,0,0,1,0,255,medium
932,6.6,38,0,0,0,0,255,medium
933,6.5,38,1,0,1,0,255,medium
934,6.8,45,0,0,0,1,255,medium
935,6.5,38,1,0,0,0,255,medium
936,6.8,40,1,0,1,0,245,medium
937,6.6,45,0,0,0,1,250,medium
938,6.5,36,0,0,1,0,255,medium
939,6.5,38,1,0,0,0,255,medium
940,6.8,40,1,0,1,0,245,medium
941,6.5,36,0,0,1,0,255,medium
942,6.7,45,1,1,0,0,247,medium
943,6.7,45,1,1,1,0,245,medium
944,6.5,38,1,0,1,0,255,medium
945,6.7,41,1,0,0,0,247,medium
946,6.8,41,0,0,0,0,255,medium
947,6.8,38,0,0,0,0,255,medium
948,6.6,45,0,0,0,1,250,medium
949,6.5,36,0,0,0,0,247,medium
950,6.6,38,0,0,0,0,255,medium
951,6.5,37,0,0,0,0,255,medium
952,6.7,45,1,1,0,0,247,medium
953,6.7,45,1,1,1,0,245,medium
954,6.8,45,0,0,1,0,255,medium
955,6.5,38,1,0,1,0,255,medium
956,6.8,45,0,0,0,1,255,medium
957,6.5,38,1,0,0,0,255,medium
958,6.8,40,1,0,1,0,245,medium
959,6.5,37,0,0,0,0,255,medium
960,6.7,45,1,1,0,0,247,medium
961,6.7,45,1,1,1,0,245,medium
962,6.8,45,0,0,1,0,255,medium
963,6.5,38,1,0,1,0,255,medium
964,6.8,45,0,0,0,1,255,medium
965,6.5,38,1,0,0,0,255,medium
966,6.8,40,1,0,1,0,245,medium
967,6.5,36,0,0,1,0,255,medium
968,6.5,35,1,0,1,0,246,medium
969,6.8,34,0,0,0,1,240,medium
970,6.5,37,0,0,0,0,245,medium
971,6.8,45,0,1,0,0,240,medium
972,6.8,41,0,0,1,0,255,medium
973,6.6,38,0,0,0,0,255,medium
974,6.5,38,1,0,1,0,255,medium
975,6.6,40,0,0,0,0,255,medium
976,6.8,45,0,0,0,1,255,medium
977,6.5,38,1,0,0,0,255,medium
978,6.8,40,1,0,1,0,245,medium
979,6.5,36,0,0,1,0,255,medium
980,6.5,38,1,0,0,0,255,medium
981,6.8,40,1,0,1,0,245,medium
982,6.5,36,0,0,1,0,255,medium
983,6.5,35,1,0,1,0,246,medium
984,6.8,34,0,0,0,1,240,medium
985,6.8,45,0,1,0,0,240,medium
986,6.8,41,0,0,1,0,255,medium
987,6.6,38,0,0,0,0,255,medium
988,6.5,36,0,0,0,0,247,medium
989,6.6,40,1,0,0,0,255,medium
990,6.5,36,0,0,0,0,247,medium
991,6.6,38,0,0,0,0,255,medium
992,6.5,37,0,0,0,0,255,medium
993,6.5,40,1,0,0,0,250,medium
994,6.7,45,1,1,0,0,247,medium
995,6.5,38,1,0,0,0,255,medium
996,6.8,40,1,0,1,0,245,medium
997,6.5,36,0,0,1,0,255,medium
998,6.8,45,0,1,0,0,240,medium
999,6.8,41,0,0,1,0,255,medium
1000,6.6,38,0,0,0,0,255,medium
1001,6.6,43,0,0,1,0,250,medium
1002,6.8,45,0,0,0,1,255,medium
1003,6.5,38,1,0,0,0,255,medium
1004,6.8,40,1,0,1,0,245,medium
1005,6.5,37,0,0,0,0,255,medium
1006,6.5,40,0,0,1,0,250,medium
1007,6.7,45,1,1,0,0,247,medium
1008,6.7,45,1,1,1,0,245,medium
1009,6.7,41,1,0,0,0,247,medium
1010,6.8,41,0,0,0,0,255,medium
1011,6.8,38,0,0,0,0,255,medium
1012,6.6,45,0,0,0,1,250,medium
1013,6.5,36,0,0,0,0,247,medium
1014,6.5,37,0,0,0,0,255,medium
1015,6.7,45,1,1,0,0,247,medium
1016,6.7,45,1,1,1,0,245,medium
1017,6.6,45,1,0,0,1,255,medium
1018,6.8,40,1,0,1,0,245,medium
1019,6.5,36,0,0,1,0,255,medium
1020,6.5,35,1,0,1,0,246,medium
1021,6.8,34,0,0,0,1,240,medium
1022,6.5,37,0,0,0,0,245,medium
1023,6.8,45,0,1,0,0,240,medium
1024,6.6,38,0,0,0,0,255,medium
1025,6.5,38,1,0,1,0,255,medium
1026,6.5,40,1,0,0,0,250,medium
1027,6.7,45,1,1,0,0,247,medium
1028,6.5,38,1,0,0,0,255,medium
1029,6.8,40,1,0,1,0,245,medium
1030,6.5,36,0,0,1,0,255,medium
1031,6.5,45,1,0,0,0,246,medium
1032,6.8,34,0,0,0,1,240,medium
1033,6.5,37,0,0,0,0,245,medium
1034,6.8,45,0,1,0,0,240,medium
1035,6.8,41,0,0,1,0,255,medium
1036,6.6,38,0,0,0,0,255,medium
1037,6.6,43,0,0,0,1,250,medium
1038,6.8,45,0,0,0,1,255,medium
1039,6.5,38,1,0,0,0,255,medium
1040,6.8,40,1,0,1,0,245,medium
1041,6.5,37,0,0,0,0,255,medium
1042,6.8,40,1,0,1,0,245,medium
1043,6.5,36,0,0,1,0,255,medium
1044,6.5,38,1,0,0,0,255,medium
1045,6.8,40,1,0,1,0,245,medium
1046,6.5,36,0,0,1,0,255,medium
1047,6.5,35,1,0,1,0,246,medium
1048,6.8,34,0,0,0,1,240,medium
1049,6.8,45,0,1,0,0,240,medium
1050,6.8,41,0,0,1,0,255,medium
1051,6.6,38,0,0,0,0,255,medium
1052,6.5,36,0,0,0,0,247,medium
1053,6.6,40,1,0,0,0,255,medium
1054,6.5,36,0,0,0,0,247,medium
1055,6.6,38,0,0,0,0,255,medium
1056,6.5,37,0,0,0,0,255,medium
1057,6.5,40,1,0,0,0,250,medium
1058,6.7,45,1,1,0,0,247,medium
